1511609717,DBBDHVFLCVXF,(2,5);
1511610075,MINGEHSJSYGL,(2,8);
1511611206,SKRTBYLAFKMW,(9,5),(3,7);
1511612302,VDKEONRQHIBB,(4,9),(7,9),(2,4);
1511612856,VECHUYMSLMBQ,(3,8),(7,4),(7,5),(3,3);
1511613091,OGVMAVJVEWCU,(9,8),(8,6),(6,7),(4,2);
1511613184,TBUMUSNWPECR,(4,8);
1511614452,HDGSESHLKCOQ,(3,3),(2,6),(7,8),(2,6);
1511615194,HRSYXOTTDFTE,(3,7);
1511615645,EPSPHDLQLUAL,(2,9),(4,4),(5,2);
1511616316,ICXEGPBJHPCF,(7,9),(6,6);
1511617764,GMBNVZSQHENA,(7,9),(2,8),(2,5);
1511618579,HADWRECXMQHO,(5,2),(8,9);
1511618750,NKZYDPKURVSO,(4,3);
1511619224,ICXEGPBJHPCF,(5,7);
1511619812,OJYZZIRMURKK,(5,9),(2,2),(5,3),(4,4);
1511620015,EPXBHMZTGKSS,(6,9),(9,4);
1511621369,IPYNTDRSABPJ,(4,3),(7,9);
1511622149,NBKXTAESGHQX,(3,6),(9,8),(4,3);
1511622591,LPDJAEJFTDNE,(9,2);
1511622951,AXVHJFLLNZGQ,(6,9),(3,8),(6,6);
1511623640,OMAXXAPXUIHU,(7,3);
1511624349,FTEEOTDPWSNP,(3,5);
1511625194,YQYRZZVBBTBE,(8,8),(6,9),(3,4);
1511625272,VWRIUXUGUQIH,(8,6);
1511626276,OGQFVHFCXFOL,(2,8),(6,9),(8,9),(6,7);
1511627721,HVXXJXKIRUEE,(9,3),(7,5),(8,9);
1511627922,SFLLGSKUSLJR,(8,2),(3,3);
1511628407,HZGNIXWMOOTF,(5,2),(7,9);
1511628431,KLCAQRDRENGK,(5,9);
1511629029,NCQMZSEUDJVM,(5,7),(7,4);
1511630437,TZPYNJKEGOFH,(4,5),(7,5);
1511631625,DSZUBAVVOUKJ,(8,6),(5,6),(6,5);
1511631784,YBTKWWXJAZLV,(4,3);
1511631848,BINVILATXAZR,(9,6),(8,5);
1511633248,FBYJFFMBTXOE,(8,4),(6,7),(7,3),(6,4);
1511633891,ABCTHYNJLGFJ,(7,4),(7,5);
1511634250,APWFJLRLWNXC,(4,9),(6,5),(2,4);
1511635507,XGXNGLXQLCPB,(9,2),(5,2),(2,3),(6,9);
1511636435,UESOUDHKBROP,(9,2);
1511636475,OIIDYDLKADNT,(3,8),(7,8),(6,6);
1511637353,TQQIDRKIKIQB,(7,8),(8,9),(3,9),(6,4);
1511638239,XRMCPPQVKYRL,(6,7),(3,6),(8,2);
1511638437,VWRIUXUGUQIH,(3,2),(4,5),(4,4);
1511639749,RMLIBTUFIBWU,(6,5),(6,9);
1511640250,FWDTYVZXJLGA,(6,2),(8,9),(6,9),(3,9);
1511641117,KLCAQRDRENGK,(9,8),(5,5);
1511641490,ZCGKSAAKCEXR,(6,6),(5,3);
1511642508,HOMWIPJNNMJW,(6,4);
1511643711,TQQIDRKIKIQB,(8,9);
1511645003,PYASOWKPPFMO,(7,5),(6,7);
1511646463,VLTRGYTONOWW,(6,9);
1511646776,NCQMZSEUDJVM,(6,4);
1511646797,NDJOVJOLJUGF,(9,3),(6,7),(2,7);
1511647099,OGQFVHFCXFOL,(6,2),(9,7);
1511647639,ZMIQKYCWAGHD,(5,4),(4,6),(3,3),(2,4);
1511648728,NYMWKPEIZJRI,(6,4),(5,9),(7,3),(9,9);
1511649663,IQCRTQZADMFM,(6,4),(2,4),(7,8),(5,6);
1511651102,EVHEWZNIDENF,(9,2),(5,7),(6,7);
1511652017,VWUUVCKHDAOQ,(9,4),(4,4),(4,2);
1511653430,LVSXTCTTMYLK,(6,2),(9,8),(2,9),(4,2);
1511654262,DFQFYBOYCEZW,(6,6),(8,3),(9,4),(5,3);
1511654593,UCDGSCEPLVYX,(7,8),(9,3),(3,7);
1511654636,QPTAIUBJRDYT,(9,2),(4,2),(2,3),(5,2);
1511654960,HGRSYKLIFPEB,(5,3),(7,5),(3,7),(3,4);
1511655994,COCRQGMDNTIP,(5,5);
1511657427,RPUTDZXFOOMI,(6,5),(7,4),(3,8);
1511658339,EFINBNURIIQS,(6,5),(3,8),(5,6);
1511659721,IPYNTDRSABPJ,(9,4),(2,5),(5,5);
1511661160,PINRNODCOFNG,(5,9),(8,8),(6,8),(3,3);
1511661642,GSYYAPPLOGOS,(6,5),(8,6),(4,6),(8,5);
1511662142,JSSELRNGJUWA,(5,5),(9,6),(8,3),(2,5);
1511663540,NQHUSQRAWRBT,(3,5),(6,5);
1511664908,VATYFDJVTYXJ,(6,7),(8,5);
1511665191,TMUEMWKLYIVX,(6,2),(2,8),(4,2);
1511665333,GUNURAFNXZKC,(8,6),(4,5),(6,5),(8,3);
1511666453,ZLJIOTZCRMRQ,(7,6),(7,7);
1511667528,TVEXUFMJTQRN,(4,2),(7,7);
1511668157,DUPGFFWPTVGF,(2,8),(4,4),(6,7);
1511668728,QNMUGSNLRHUT,(9,9),(7,9),(3,8);
1511669172,QBBYQYDWEXNB,(9,5),(9,3),(6,4);
1511670651,MULILGBCWKCK,(9,6),(2,6),(9,4);
1511671018,HRSYXOTTDFTE,(3,4),(8,4),(7,7),(8,3);
1511671959,CYXJVHPIIZNU,(5,5);
1511672485,JXCILNSZDCXJ,(9,7);
1511673979,RGWJFXDMDOEY,(7,4);
1511675405,PMQJPSAKLMTP,(8,5),(7,9),(5,3);
1511676258,RGWJFXDMDOEY,(4,4),(4,3),(8,2),(3,2);
1511676897,XITNEWCWHLJX,(2,4);
1511678084,IVUGQSILHYZZ,(6,4),(4,7),(7,4),(2,2);
1511678280,KLUHBPGGOSBU,(3,6),(7,3);
1511678651,IVUGQSILHYZZ,(7,5),(4,4);
1511679095,BNDEUGYTBHNV,(7,9),(2,6),(2,4),(5,2);
1511679408,ZQPHYUYIXUIK,(8,9),(8,3);
1511679666,JSSELRNGJUWA,(8,7);
1511679739,QGGPHNKEGMND,(5,5),(6,9);
1511680049,CRKBJKCMCSYN,(8,7);
1511680855,UDNCGKQEZTST,(9,3),(4,9),(9,2);
1511681752,AUEZLDWTAJLA,(7,6);
1511682951,VECHUYMSLMBQ,(9,4),(7,2);
1511683483,OJHQKEFQKLSY,(6,6),(8,8);
1511684878,VBINDSQYYFDY,(6,4),(5,2),(9,9),(3,5);
1511684930,UNHQWZNIRNOT,(4,8),(2,7),(7,8),(4,8);
1511685896,DMKNIOZCNCYX,(9,7);
1511685921,BLSYAKPQPXRH,(5,8),(4,6),(4,5);
1511687148,AGBCDNQYEKUW,(9,7),(9,7),(3,8),(3,4);
1511688437,GFNSKFMBIURC,(8,6),(2,2),(3,7);
1511689610,UVTCTPJLEJBE,(9,5),(4,7),(4,6),(8,9);
1511690535,PTZTPXGWNABG,(5,7),(9,2),(7,3),(6,9);
1511691865,TQQIDRKIKIQB,(4,3),(2,9),(6,3);
1511692200,SVMQPTKSNANF,(2,2),(4,5),(4,9),(3,5);
1511692829,IHRAQENLCWQS,(6,2);
1511692914,MNKUHFUFRGEL,(4,3);
1511693640,VHXIEUXISNGJ,(6,8);
1511694249,KLHJQTMXGUBN,(5,6),(6,5),(3,5);
1511694951,BNIAZPXSKUZG,(6,7),(6,4),(9,5);
1511695782,CQPABMFECDPX,(5,8),(7,2),(8,2);
1511697088,DNLXKTOXGSKP,(6,2),(3,5),(5,8),(3,9);
1511697725,GWUPEKRDADLR,(6,5);
1511697866,ZOMFFVJFXFIC,(2,6),(4,7),(6,5),(6,5);
1511698627,DNJHCURUGWEJ,(9,7),(9,3);
1511699607,VISIQTADXMQN,(7,3),(8,8),(9,6);
1511699994,SCXUAFPVFSUO,(6,8),(8,4);
1511701200,OMAXXAPXUIHU,(9,4);
1511701613,PTZTPXGWNABG,(4,8),(7,2);
1511702619,CKPEGTADRAUQ,(7,3),(7,9);
1511703413,ODVOQOESEFQT,(7,9),(8,3);
1511704323,NYATYBSJUJQC,(7,8),(9,3);
1511705788,YBWIZHODMTSL,(3,6);
1511706934,NRQCRMRYFMKK,(2,6),(4,6),(7,5),(9,9);
1511707114,DOHIBWQTCJVW,(6,9),(2,8),(6,4),(7,2);
1511707768,VBINDSQYYFDY,(2,9);
1511708047,RDNWMWBNCYDD,(2,9);
1511709136,XOBXCQEPARQT,(7,6);
1511710367,HPYRESCUHKYI,(9,3),(7,6),(6,8);
1511711171,DLNALLVLOFGJ,(4,9),(2,4),(5,8),(5,2);
1511712325,SWQGEMDGZTUZ,(7,5),(4,4),(2,8),(3,5);
1511713687,UESOUDHKBROP,(8,8),(8,2),(8,6);
1511714609,BJREBRQLHQAO,(2,2),(8,2),(5,7),(2,9);
1511714833,WYJWEEFWEMLX,(6,4),(9,7),(4,8);
1511715748,VDKEONRQHIBB,(5,2);
1511716897,PYASOWKPPFMO,(3,8),(9,2),(4,6),(2,6);
1511717979,YRZLDHSVAQCR,(7,4);
1511718549,GCURKYSARTBR,(7,9);
1511719965,OYPKTEEHRYVK,(8,2),(7,6),(5,6);
1511720197,CHVTBPGYOZIC,(8,3);
1511720925,FWDTYVZXJLGA,(5,4),(8,5),(6,6);
1511721561,DNJHCURUGWEJ,(7,6);
1511722599,GUNURAFNXZKC,(6,8),(5,9),(5,7);
1511723001,KKIPRPPPVQLV,(8,5),(7,2),(8,6),(8,7);
1511724312,CHZHIUOIWQWT,(9,2);
1511724880,KATEMLGAPCUD,(6,4),(6,4);
1511726356,TLHNYTWFPTPQ,(8,3),(8,4);
1511726793,SMTWKDPPYYIB,(8,5),(8,4),(3,5);
1511728176,HUIQPOWFESGG,(2,5),(2,9),(4,9),(4,9);
1511729294,BNUYZKJOBSUG,(7,9),(6,4),(8,6),(5,8);
1511729537,WLYHPPNXJLZL,(9,2),(7,2);
1511729651,ICXEGPBJHPCF,(4,7),(2,4),(2,3);
1511729946,VSMTPAQXBNXK,(9,5),(4,5),(7,2),(4,5);
1511730856,OVKRDBFRLOPB,(8,9),(4,7),(5,9),(8,8);
1511731646,BFGSBTTVAQWE,(5,7),(9,3),(8,8),(8,6);
1511733108,HPHINKQSWABK,(6,8);
1511734518,NSVDLQJAUZQQ,(9,8),(3,2),(6,9),(8,5);
1511735518,VATYFDJVTYXJ,(2,3),(4,9),(4,3);
1511736540,ZQPHYUYIXUIK,(4,5);
1511737524,OYPKTEEHRYVK,(2,4);
1511738787,SOUKJMVADKHL,(6,9),(8,4);
1511738921,FRBCIKRPMZOV,(4,7),(9,4);
1511739546,RWNFDIBRVSZI,(8,4);
1511740363,GUHBGKUANUBY,(5,3),(4,2),(8,5);
1511741843,EMFYHNHAOJDQ,(4,8),(4,7);
1511741998,ZQZYQAUTMTFI,(8,2),(8,4);
1511743109,PFEKHXOLJDUK,(5,9),(5,2);
1511744186,EZMLEDRFBBVL,(8,6);
1511744237,WMNKKNGEMORA,(9,7),(4,5),(9,5),(9,7);
1511744773,VSSHMKTIZFZH,(7,7);
1511745724,RGWJFXDMDOEY,(4,2);
1511747011,OUFMPPILRHMP,(5,8),(7,6),(3,4);
1511748015,CKZCDKTOQNQP,(2,4);
1511748496,KLCAQRDRENGK,(2,5),(6,4),(4,5),(8,5);
1511748923,AMJGOADLNWBG,(8,2),(8,4);
1511749260,FAVLMNHANQFL,(2,5),(9,2);
1511750098,AYPEOFEIXSVD,(6,3),(8,2);
1511751416,FBYJFFMBTXOE,(5,4),(6,2),(4,7),(9,4);
1511751895,ZEBBEEGKKPZO,(7,6);
1511752508,HXRRKXPHRESK,(9,7),(3,2),(7,6),(6,7);
1511752587,FMWVAPFVMIXU,(2,4),(2,4),(7,6),(5,9);
1511753126,WEMDLXCXWXQH,(9,8),(3,9),(5,6),(6,9);
1511753302,KNRIPUDEZYRD,(4,2);
1511753658,HOMWIPJNNMJW,(4,6),(2,2);
1511754611,QCOPLHGDDQQD,(7,3);
1511755178,IBMTXWUXQFWL,(8,6),(9,7),(3,5);
1511755412,EDQZNSYYZNVR,(4,8);
1511756856,GWUPEKRDADLR,(4,8);
1511757515,RAXYUTYZOHMM,(9,4),(8,7);
1511758707,DLNALLVLOFGJ,(3,3),(5,2),(5,8);
1511759452,FVWZSDFFKYTH,(8,9),(5,3),(6,3);
1511760417,CBHJKRLBKUYZ,(6,8);
1511761113,XOBXCQEPARQT,(2,3),(5,9);
1511762019,TQQIDRKIKIQB,(9,2),(6,8);
1511762419,YBDLHMTLPEMB,(8,7);
1511763562,CWNMFKCZALLW,(2,8);
1511765003,BNQGDVKQRJEH,(6,4),(4,8),(6,6),(6,6);
1511766317,JESDMLSHCWQN,(9,7);
1511767130,GPXRCIAAZOVS,(4,8),(7,6),(3,4);
1511767273,CQUFMBTESRNK,(3,2);
1511767877,RZXMIWAZOKXC,(8,4),(5,5),(6,7);
1511768791,DGBNAAMXJKOF,(9,4),(3,3),(3,8);
1511769225,OILIVRGOPIAD,(9,9),(7,3);
1511769631,CPYYNTOCJOTE,(9,4),(4,6),(4,8);
1511770396,CBHJKRLBKUYZ,(6,4),(5,8);
1511771488,ZVLOMKETXRTZ,(7,7),(8,3);
1511771635,VAQSNLGSINUK,(4,3);
1511772567,UNJGKWNENEXE,(6,2);
1511773834,EZICNWQKOPXB,(4,4),(2,4);
1511774482,AATBPVYRHCDP,(6,8),(5,9);
1511775735,RZAYZZKQNVQY,(8,8),(3,8);
1511777147,GLCDFDNLCAAS,(7,3);
1511777658,EVANTPZWVMZT,(6,9);
1511778269,NHHBFXYBGUPQ,(6,3),(2,6),(4,5);
1511778466,ZICFFGRZJPUC,(3,6),(7,2),(9,4),(6,2);
1511779834,EPXBHMZTGKSS,(4,7);
1511780923,KOLJWAAYBQNL,(5,2),(6,5),(6,5),(8,8);
1511782294,OSBSINHWLMRT,(6,6),(4,3),(5,5),(8,2);
1511782984,UFKQUNQJMMMW,(2,7),(3,4),(7,7),(8,7);
1511783073,OEVOCDNLQDMK,(6,4),(4,5);
1511784073,FBYJFFMBTXOE,(5,2),(4,4),(2,8),(5,6);
1511784339,AYHMEJNCADRG,(2,8),(6,2),(9,6),(5,3);
1511785671,TVHDUOPVHVJQ,(9,4),(3,8),(3,6),(6,8);
1511786285,GUCKINFGDCOQ,(9,6),(7,9);
1511787026,DQMVYPZOYYML,(7,4),(9,7),(8,6),(6,4);
1511787303,DJXEVGQXRQRD,(3,7),(4,7),(9,8);
1511788015,FYEBQUXEDLWI,(9,3),(2,4),(9,4),(6,9);
1511788540,VKNAVCLKVRHB,(9,9),(3,8),(2,4),(9,7);
1511788860,CVEATQSTQEUZ,(8,8),(2,2),(4,6);
1511789366,IQBFKBXIZWHA,(5,7),(4,7),(3,2),(8,3);
1511789488,SRGQYWBXONUP,(8,6);
1511790620,IISKCHMZBRGM,(7,2),(2,5),(5,7),(7,3);
1511791939,XOBXCQEPARQT,(9,8),(7,5),(2,3),(7,2);
1511792189,IDJNKDDEYBTT,(8,2),(6,4),(2,7),(9,8);
1511793157,OYMIEJHXCTXK,(3,8),(3,6),(9,6);
1511794065,NLPYUFQKAWJO,(3,9),(3,6),(4,6);
1511795195,TBUMUSNWPECR,(7,2),(4,2),(9,4),(9,6);
1511796022,AWJJOKTYAAVG,(4,6),(7,7),(7,7),(2,4);
1511796455,VGIHYXRHDZSD,(9,2);
1511797854,NRQCRMRYFMKK,(9,2),(5,6),(5,9),(4,9);
1511798048,SKVWRDAAJFBQ,(5,2),(7,2),(9,7);
1511799110,VTMYROEAPELZ,(8,6),(7,4),(6,9),(6,2);
1511800013,KCJXVWCRIMET,(8,5),(2,9),(4,7);
1511801148,UKPZZIAJMKMW,(9,8);
1511801387,SYYJFQCOWTUP,(4,8),(2,5),(3,4),(4,4);
1511801543,XRMCPPQVKYRL,(3,5),(7,2);
1511802295,QDESZDPHFMOY,(3,7);
1511802554,KNRIPUDEZYRD,(8,7),(5,5);
1511802669,HSOXJZMJHUMA,(6,8);
1511804041,SMTWKDPPYYIB,(9,3),(5,3),(7,6),(9,2);
1511804197,UMQONAMJHSEZ,(7,3),(6,7),(6,4);
1511805331,HDGSESHLKCOQ,(2,7),(4,7);
1511805391,RAXYUTYZOHMM,(6,6),(8,5),(2,7),(8,3);
1511806696,EDPDMDENQKUC,(4,3),(3,2),(7,2);
1511807202,KELKJNCWGNMK,(2,2),(4,9),(7,7);
1511807466,RINJXZZOHFVU,(9,7),(7,6),(7,5),(2,9);
1511808940,JYPQXCTNMFVO,(3,4),(6,7);
1511809917,XJTBKAWYUGXX,(7,6),(4,9),(4,5),(7,6);
1511811385,YRZLDHSVAQCR,(4,2);
1511812259,QBBYQYDWEXNB,(8,6);
1511812775,TPXOMXCAUXGU,(6,9),(4,2);
1511813174,PBPUPJDECSFP,(8,2),(7,2);
1511813713,TZPYNJKEGOFH,(2,5),(8,8),(6,5),(5,8);
1511814504,IDJNKDDEYBTT,(2,7);
1511815689,LOAUTFWQFKEK,(2,5);
1511816028,HQDOEWZZRFNK,(3,5),(9,2),(3,2),(6,2);
1511817528,ZMIQKYCWAGHD,(4,8),(5,8),(2,2),(8,8);
1511818570,HGRSYKLIFPEB,(8,8);
1511819040,SBAZLYHFLUML,(2,8);
1511820376,ARAWXDGDGTOK,(4,9);
1511820905,YLGJTMUOYVRH,(5,8);
1511821072,EJNIYKWHJZMK,(4,6);
1511822128,UNHQWZNIRNOT,(5,6),(2,7),(7,7);
1511823423,NHQUMCDDZCPU,(2,7);
1511823693,CBHJKRLBKUYZ,(8,9),(9,5),(6,8),(7,6);
1511824819,YQYRZZVBBTBE,(8,6),(5,2),(9,2);
1511826179,TLHNYTWFPTPQ,(5,9),(9,2),(2,6),(6,8);
1511827163,BOEUJRZUMDFD,(6,5),(3,3),(4,3),(3,6);
1511827969,HOMWIPJNNMJW,(6,8),(3,2),(3,2);
1511829272,IHIAIGSDMHIM,(8,8),(4,2),(4,8);
1511829877,KLUHBPGGOSBU,(8,8);
1511830078,VFXZDWYHPTWU,(8,5),(4,5),(5,3),(9,7);
1511830419,QMSLWUZHXBVM,(9,9),(9,6),(2,3);
1511831063,EZICNWQKOPXB,(9,3);
1511831817,IVMTKIKSHWWY,(9,6),(5,3),(9,8);
1511831915,CINNUDPZEZWV,(7,8),(8,9),(4,3);
1511832228,EPWZWFMDWTYT,(8,8),(9,4);
1511832242,YOUQHOIQGZHJ,(4,9),(6,8),(2,3),(9,5);
1511833332,RDNWMWBNCYDD,(8,3),(9,4),(7,5),(4,5);
1511834460,MWDOSOSHXPNE,(9,8);
1511835042,HPYRESCUHKYI,(7,3),(8,2);
1511836484,KOLJWAAYBQNL,(5,6),(2,5);
1511837569,YBDLHMTLPEMB,(5,3),(8,2);
1511838658,VXQSVBLBAEHB,(2,9),(2,7),(8,2),(3,7);
1511839960,PTIIBLVDPFMF,(3,4),(7,8),(4,2),(5,3);
1511840348,FIANFWTUHQLZ,(6,9),(4,4),(8,8),(5,5);
1511841143,WAFBOZEAITIY,(3,8);
1511841860,LGOWYXQXXWNL,(9,2);
1511842817,BLKCQPUOKOFY,(4,8),(3,7),(4,9),(4,3);
1511844263,PEYSILIFAXES,(2,9),(3,8),(8,5),(6,2);
1511845586,DMKNIOZCNCYX,(9,4);
1511846662,PBSBEOUQOLHI,(6,8),(9,6);
1511846939,HDGSESHLKCOQ,(2,7);
1511847602,AMJGOADLNWBG,(3,6);
1511847674,LUAIJCQNLUIJ,(3,8),(7,5),(2,7);
1511848432,IZIWDTYHZGQT,(9,9),(3,6),(9,6);
1511849330,RHCZUBZACUXP,(9,8);
1511850412,JHUGTKDCXGDG,(7,9),(9,6),(5,3);
1511851361,SLTLDQUKCWXP,(8,2);
1511851597,BPQMUJCIRRIO,(4,7);
1511852436,HGFCSVKSUUYT,(8,6),(5,6);
1511852847,NDJOVJOLJUGF,(9,9),(4,2),(2,2);
1511853647,ZDLPCONKUGZQ,(8,8),(6,5),(8,4);
1511855029,OLPPJBFHDLPX,(4,8),(2,3),(8,6);
1511855104,WQSUFBFQNTHO,(4,7);
1511856368,WAFBOZEAITIY,(3,6),(3,2),(5,6);
1511856383,AOCAMALSLFHR,(2,3);
1511856405,KATEMLGAPCUD,(3,3),(3,5);
1511857019,CPYYNTOCJOTE,(3,7),(5,8),(7,6);
1511858208,HZDRQPMXPKEK,(9,6),(7,2),(5,9);
1511858387,QSWRNEISKFYG,(7,3);
1511858956,WKADHXDIHEGN,(4,2),(8,9),(2,6);
1511859821,EVHEWZNIDENF,(5,4),(2,3),(2,8),(4,8);
1511860285,HXRRKXPHRESK,(7,8),(3,2),(3,6),(4,4);
1511860847,PCTXJPCRHLVW,(5,4),(6,4),(4,7);
1511861018,CBZOHHCAHEBI,(8,5);
1511862439,DMVBWBHLEJRO,(8,4);
1511863284,EZMLEDRFBBVL,(4,8),(6,8);
1511864744,DYHNQMTXYYXU,(3,3),(9,4);
1511864758,AMTXBBIKHZDN,(2,2);
1511865001,QCOPLHGDDQQD,(8,8),(5,9);
1511865308,HNCDGQAPQIYF,(4,7);
1511866159,JYPQXCTNMFVO,(2,6),(8,7),(5,5),(8,7);
1511866445,OJMSHRVLURKX,(8,4),(7,5),(7,2);
1511866561,WAFBOZEAITIY,(3,6),(6,2);
1511867082,IDDEOYOGZUCX,(9,3),(3,5),(5,5),(5,2);
1511867210,QVJZRHHVOCXF,(6,6),(8,2);
1511868650,JHNQTQVRPDKP,(4,7),(6,5),(2,7),(5,2);
1511868970,GXDCHRMESWPO,(6,3);
1511870389,UKPZZIAJMKMW,(2,8);
1511870938,TVHDUOPVHVJQ,(6,8),(4,6),(9,5),(9,8);
1511871768,DUPGFFWPTVGF,(2,9),(2,5),(9,9),(9,2);
1511873240,AWJJOKTYAAVG,(6,7);
1511873414,JORBXLIZXQAP,(7,8);
1511874681,DMKNIOZCNCYX,(6,3),(2,3);
1511876103,PIHASWJWQGYT,(9,8),(7,6),(3,8),(8,8);
1511876866,JESDMLSHCWQN,(9,3),(2,4),(3,9);
1511876946,RXURNAAVTZZG,(6,6),(5,4);
1511877017,HKQSQIJXIGNI,(6,3),(3,9);
1511877322,UQSWAGDCKDOU,(9,3),(3,8),(5,6),(9,9);
1511878247,AIPVIIYJBYPI,(2,3),(2,4);
1511878710,HZGNIXWMOOTF,(8,8),(2,4);
1511879503,MHQGBLJDCJYK,(6,5);
1511880204,UQSWAGDCKDOU,(2,5),(4,8);
1511881658,PCTXJPCRHLVW,(4,5),(8,5),(4,8),(9,2);
1511881850,NGQCNZLKQMHQ,(2,4),(5,4);
1511881915,VJAIETUJREPX,(3,7),(5,8);
1511883254,WMNKKNGEMORA,(3,7),(4,7),(8,2),(9,5);
1511883345,ATDDGYKBSARC,(5,5);
1511883409,CQPABMFECDPX,(8,9),(5,9),(3,5);
1511883789,QOVXTNIXXHXX,(6,7),(6,3),(8,5),(4,4);
1511883838,CTQHHLJTGWEO,(8,9),(8,6);
1511884801,NYSYLTMWGUNT,(5,7),(6,5),(6,8),(9,7);
1511885944,ZEBBEEGKKPZO,(3,8),(3,7);
1511886604,PPFKVRFMSZRW,(7,5),(6,5),(8,7),(4,4);
1511887347,NQHUSQRAWRBT,(9,3),(7,4),(4,5),(6,6);
1511887950,ZICFFGRZJPUC,(8,5),(2,5),(8,6);
1511888469,VSRPIRCKHCJE,(2,9),(7,5),(5,6),(8,9);
1511889805,FWSWTQYJQLXT,(8,6),(8,9);
1511891201,JZWTTEKXKGUK,(5,3),(2,2);
1511892152,RSHEZFYHPMGD,(3,3),(2,3),(3,4),(3,4);
1511893540,HRLPUQASFXMU,(9,2),(2,5);
1511894526,CRPEPVOOKZPZ,(3,2),(6,8),(2,8),(4,9);
1511894946,EBRLIJCQKIFG,(7,9),(2,7),(7,2);
1511895150,VXVDMAAIYXMX,(7,9);
1511895245,IQCRTQZADMFM,(3,7),(5,8),(5,9),(5,7);
1511896318,AMJGOADLNWBG,(7,5);
1511896485,UESOUDHKBROP,(9,9),(3,9);
1511897666,VKANFNPYHPWW,(7,2),(2,9);
1511898966,HEELVQWDCFXN,(8,3);
1511899217,WXVCNVXFMZSP,(6,3),(5,7),(8,6),(9,6);
1511900701,OYPKTEEHRYVK,(7,5),(4,4),(9,6);
1511901066,RDNWMWBNCYDD,(5,9);
1511901727,VNBBQFFLIJSY,(5,8),(5,5);
1511901763,DBBDHVFLCVXF,(5,8),(9,6),(7,3);
1511901805,VXQSVBLBAEHB,(9,7),(6,5),(7,5),(3,2);
1511902566,UCLWKEXXSRZL,(4,3);
1511903045,YRJZSRNLXFND,(7,9),(7,3);
1511904168,OVKRDBFRLOPB,(6,5);
1511904928,ESSVYTVCSBAC,(9,9),(5,8),(5,9),(7,3);
1511905638,HSDFQJLTZOXM,(5,6),(8,5),(9,7);
1511907018,EVANTPZWVMZT,(5,7);
1511907681,PINRNODCOFNG,(9,6),(5,8);
1511908224,DKTEHSMMELAT,(6,8);
1511909517,AVPJRQIZGWFL,(7,4),(6,7);
1511909554,CRKBJKCMCSYN,(3,8),(3,2),(4,6),(9,2);
1511910522,RSHEZFYHPMGD,(2,4),(2,8),(2,8);
1511911965,CLIUNXSIPZUB,(3,3),(2,3),(9,5);
1511912195,YQYRZZVBBTBE,(4,6),(3,7),(4,7),(6,4);
1511913388,CVEATQSTQEUZ,(8,2),(4,7),(3,2);
1511914212,UQOLMLNUPQGE,(4,2);
1511914923,OEOEFPQTYUFQ,(4,2),(9,6),(9,4),(8,4);
1511916129,BJELYGGWGCRV,(4,5),(7,9),(2,2),(9,2);
1511917011,AIPVIIYJBYPI,(6,6),(8,7),(7,5),(6,7);
1511917585,JZQQPZJIPQVB,(3,5);
1511918073,WDLIVTVFXZHK,(9,2),(7,3),(4,6),(5,4);
1511919302,JSOZKLFUBKJF,(5,3),(4,8),(2,4);
1511919557,ZQZYQAUTMTFI,(7,6),(9,7),(9,4);
1511920305,ARAWXDGDGTOK,(5,2),(5,4),(2,7);
1511920430,JEFFOQGRZVPD,(5,4),(3,2),(5,9),(2,2);
1511921799,CMTCSVXGZTQB,(2,4),(2,3),(6,8),(2,6);
1511922365,EJNIYKWHJZMK,(6,6),(7,6),(5,4);
1511922524,AYHMEJNCADRG,(6,5),(3,5);
1511922552,MWDOSOSHXPNE,(6,9),(7,4);
1511923284,GMBNVZSQHENA,(2,3);
1511923801,SRGQYWBXONUP,(5,2),(7,2);
1511923910,FWDTYVZXJLGA,(9,8),(6,5),(7,2);
1511924814,EVHEWZNIDENF,(2,9),(3,5);
1511925855,ZOMFFVJFXFIC,(9,8),(2,2);
1511926982,QOVXTNIXXHXX,(5,2),(6,5),(8,5);
1511928469,UNGDDGMYWPRT,(2,2),(2,3),(7,8);
1511928879,KEFFFLDBSAHC,(6,4);
1511929460,HGFCSVKSUUYT,(9,5);
1511930204,CHZHIUOIWQWT,(3,6),(6,5),(9,9),(4,4);
1511931165,OSBSINHWLMRT,(5,3),(4,2),(6,3),(4,8);
1511931645,NSWYACMCQVPG,(4,2),(9,7);
1511932596,LUAIJCQNLUIJ,(4,3),(4,6),(5,8),(3,6);
1511933640,CBHJKRLBKUYZ,(9,3),(9,6),(7,6);
1511933801,RPUTDZXFOOMI,(6,9),(8,6),(4,5);
1511934247,ZQPHYUYIXUIK,(9,6);
1511935594,YRZLDHSVAQCR,(9,2),(4,5);
1511936296,YBWIZHODMTSL,(3,3),(7,6),(6,2);
1511936734,ZILJOVYPTBFS,(8,4);
1511936935,ICXEGPBJHPCF,(9,6),(2,2),(4,5);
1511937346,DZFEUXUBQGLX,(2,2);
1511937473,IHRAQENLCWQS,(2,6);
1511938062,DFKWXRIFRCUU,(4,7),(9,9),(2,5);
1511939345,FAQUCALXSTTK,(2,8),(2,4),(3,2),(7,2);
1511940508,CPYKGFHUFAJA,(3,2),(8,2);
1511940745,FTEEOTDPWSNP,(3,2),(8,2);
1511941928,NHHBFXYBGUPQ,(9,6),(7,4),(6,7);
1511942817,DMVBWBHLEJRO,(8,3),(6,7),(4,5),(4,7);
1511944130,EQQZOMLHZVXT,(6,8),(9,9);
1511944978,HNCDGQAPQIYF,(7,7),(7,5),(4,9),(9,6);
1511945848,ZPMACFOQKHJS,(8,7);
1511946369,IKTUERWUFIMF,(3,6),(6,3),(2,3),(8,6);
1511946760,CYXJVHPIIZNU,(4,8),(3,6);
1511948073,SHILIBXCNDJU,(5,9),(7,6),(6,6);
1511949396,BLSYAKPQPXRH,(9,7),(3,3);
1511950320,CINNUDPZEZWV,(8,3);
1511951130,UKPZZIAJMKMW,(3,8),(8,2),(6,4);
1511952615,LIFIPWETBKRK,(7,9),(2,4);
1511953498,IHIAIGSDMHIM,(4,7),(4,8);
1511954594,OJYZZIRMURKK,(9,3);
1511955465,LIFIPWETBKRK,(9,4),(9,4),(2,7);
1511956383,OPWHUTQXPXOO,(4,4);
1511957205,HATIMEMXCLJU,(4,2),(4,3),(5,2);
1511958631,KATEMLGAPCUD,(6,5),(5,3),(3,7),(4,6);
1511959413,HOMWIPJNNMJW,(9,2);
1511960230,VSSHMKTIZFZH,(8,4),(4,7),(4,6);
1511961712,ULYBRSVASNTV,(2,4),(6,4),(4,7),(8,6);
1511961878,FGDBSYRKVDZE,(5,7),(9,6),(4,7);
1511962354,ZPILGQKFRBAZ,(3,6),(4,8),(2,2);
1511963163,LWIKPBLHCOEK,(9,4),(8,5);
1511963570,SHPHKRKKZVYM,(2,3);
1511965064,MNRJGYZPWSVR,(2,8),(3,6);
1511965593,HATIMEMXCLJU,(3,6);
1511966983,HNCDGQAPQIYF,(3,6),(7,9),(8,4),(7,3);
1511967464,UFKQUNQJMMMW,(8,2),(6,5),(5,9),(7,5);
1511968363,LJNPPMZCIWJC,(9,8),(5,3);
1511969202,AUEZLDWTAJLA,(6,5),(5,4),(5,6);
1511969540,HSOXJZMJHUMA,(3,7),(4,6),(4,4);
1511970555,NSYOUCIZTEUF,(4,8),(7,8);
1511970669,XUMNNLXJSMFY,(2,9);
1511971762,MWDOSOSHXPNE,(4,5),(9,4),(7,2);
1511971928,CWNMFKCZALLW,(2,8),(5,8);
1511972702,SHPHKRKKZVYM,(6,4),(6,8),(8,7);
1511973533,DUPGFFWPTVGF,(8,9);
1511974157,FNDTRUBPVWIJ,(7,6),(2,2),(2,2),(2,2);
1511975274,KKIPRPPPVQLV,(6,5),(5,4),(2,2),(3,9);
1511976498,RWNFDIBRVSZI,(2,2),(9,7),(8,6),(3,2);
1511977329,QOFHVPUHPBFC,(2,4);
1511977904,EZICNWQKOPXB,(6,3),(5,9),(2,3),(7,9);
1511978311,XRMCPPQVKYRL,(4,3),(5,6),(6,9);
1511979653,GWUPEKRDADLR,(3,9),(3,3),(5,6),(4,6);
1511981052,ULCMWPCXJSPE,(8,9),(8,2),(6,6),(6,3);
1511982034,UAGTANWWQSPV,(4,7),(4,5);
1511983446,BBPVDDLFEDFD,(8,6),(6,4),(4,7);
1511984478,OXHOCUDKZZBP,(8,9),(3,7);
1511985211,FVRIEVQIPBQP,(2,7),(7,9);
1511985987,QXGZEGHACMVR,(6,6),(4,7);
1511986492,CWNMFKCZALLW,(9,6),(7,2);
1511987834,LCPKFEPCQNFR,(3,2);
1511988538,KEFFFLDBSAHC,(7,6),(6,8),(3,3),(9,7);
1511989471,RWDEPGBPAOZO,(2,7),(3,5),(2,6),(2,6);
1511990126,LCTCZESJPEUC,(5,7);
1511991062,FNDTRUBPVWIJ,(7,8),(7,4),(4,7),(5,2);
1511992532,CHRYYXSBODQF,(4,3),(9,7),(9,2);
1511992554,UNPSXRBWKXPR,(2,3),(8,3),(2,5),(6,5);
1511993320,YAPFJGUOUOGF,(3,9),(8,4),(9,9);
1511993445,HZGNIXWMOOTF,(2,4),(7,4),(4,2),(6,3);
1511993449,FRPYHEARLCFT,(6,3),(9,5),(4,7),(8,5);
1511994526,AQIEUSXQZWTY,(3,8),(5,7),(5,8),(6,4);
1511994661,SRGQYWBXONUP,(2,6),(9,9);
1511995690,LPVODRGOJUAI,(7,8),(9,4);
1511995868,ERQZNPEGAOTR,(6,5),(8,6),(7,5),(8,3);
1511996557,DSZUBAVVOUKJ,(4,9),(7,3);
1511997499,HRKXOWTQNCLK,(7,2),(3,8),(2,6),(5,4);
1511997864,TAKPAILNPHHC,(9,6),(5,6),(8,8);
1511999075,ULCMWPCXJSPE,(8,9);
1512000520,LVSXTCTTMYLK,(5,4),(6,3),(5,2);
1512000819,VJAIETUJREPX,(8,5),(3,4);
1512002097,ERQZNPEGAOTR,(9,7),(8,9),(8,9),(6,9);
1512002866,REWVUWPVQGVQ,(4,7),(9,4),(4,5),(3,5);
1512003766,KOLJWAAYBQNL,(2,6),(9,6);
1512004784,FCGPSWZWYIFE,(3,2);
1512004949,NQHUSQRAWRBT,(8,5),(9,4);
1512006286,FNDTRUBPVWIJ,(3,4),(4,7),(5,4),(9,3);
1512007741,LPVODRGOJUAI,(9,7),(9,6),(8,3),(9,8);
1512007910,ICXEGPBJHPCF,(7,4),(6,6),(8,5),(6,5);
1512008293,IYSMZAQSDWYT,(6,3),(7,3),(7,2),(2,5);
1512008461,SLTLDQUKCWXP,(4,4);
1512009646,ZQPHYUYIXUIK,(6,7),(7,5),(8,2);
1512009685,ZOMFFVJFXFIC,(6,2);
1512011075,QTVAPYBGUPDI,(6,4),(6,5),(9,2),(8,9);
1512011613,URXZVVUNCAXL,(6,4);
1512011892,OEOEFPQTYUFQ,(8,8);
1512012423,CBZOHHCAHEBI,(3,3),(7,9),(6,3);
1512013780,OJHHIJDSAWAQ,(7,9),(7,8),(2,8);
1512014693,QVGIMSPUQJQS,(5,7),(5,2),(4,6),(8,9);
1512016179,SWQGEMDGZTUZ,(6,2),(3,7),(6,5);
1512017637,WAFBOZEAITIY,(7,5),(9,8),(9,5);
1512018493,VXBREEIJDWRF,(2,4);
1512019438,TAKPAILNPHHC,(5,2),(3,5),(4,3);
1512020620,GPXRCIAAZOVS,(5,2);
1512021886,CTQHHLJTGWEO,(5,8),(6,3);
1512022234,QPTAIUBJRDYT,(7,5),(8,9),(5,4),(7,5);
1512022417,GMBNVZSQHENA,(3,9),(8,6);
1512022652,EFINBNURIIQS,(4,7),(7,7);
1512023950,CMTCSVXGZTQB,(4,9),(3,4);
1512025136,AOIOSFXXGWLN,(6,2),(9,7),(8,4);
1512025402,IBSJZJMSOLOE,(7,7),(7,3),(8,2),(3,5);
1512026358,QSGWQWVMMQSC,(7,5),(6,5);
1512026672,EVHEWZNIDENF,(5,8);
1512027210,EBRLIJCQKIFG,(8,2),(9,5),(8,8),(8,8);
1512028049,ZMSAKOPSZXJJ,(2,6),(7,9);
1512029077,FCGPSWZWYIFE,(6,9);
1512029411,CBZOHHCAHEBI,(3,3),(5,8),(6,8);
1512030022,MKXAYAFCXXHQ,(7,4),(7,4),(7,4);
1512030873,ZVLOMKETXRTZ,(3,6),(2,3);
1512031520,RMLIBTUFIBWU,(3,4),(4,6),(7,3),(3,6);
1512032305,CHZHIUOIWQWT,(2,9),(2,8),(3,9),(4,9);
1512032627,TOMUNECKHHOM,(3,2),(9,5),(8,9),(3,7);
1512033298,IQQSXZUXBHKS,(4,6),(5,3),(2,3);
1512033501,AUEZLDWTAJLA,(9,8),(7,6),(2,5);
1512034652,XITNEWCWHLJX,(9,8),(3,7);
1512034690,ULYBRSVASNTV,(6,7);
1512035400,VSSHMKTIZFZH,(2,9),(7,6),(5,8);
1512035535,GMZLHULUHVEH,(5,9),(3,8),(6,9),(6,5);
1512036081,BNQGDVKQRJEH,(9,6);
1512036586,AOLVYHDSLPEW,(7,3);
1512037768,IVUGQSILHYZZ,(3,8);
1512038017,ORZWNIPKOVZW,(3,5),(7,8),(4,4);
1512038543,FAVLMNHANQFL,(3,9),(4,8);
1512039793,OODYXFLCETMK,(2,8);
1512041108,RXURNAAVTZZG,(8,8),(6,6);
1512041204,ZPYCNVPTRUEB,(8,6),(7,3),(8,5),(5,4);
1512041920,KATEMLGAPCUD,(2,5),(7,4),(7,5);
1512042047,SPFDBPJIPYPF,(6,8);
1512043406,SKRTBYLAFKMW,(5,4);
1512044406,PFEKHXOLJDUK,(2,4);
1512045747,NQHMTFQGHGMQ,(7,7);
1512045997,OYPKTEEHRYVK,(5,2),(8,7),(4,2),(3,8);
1512046099,QDESZDPHFMOY,(6,6),(9,4);
1512046960,MNRJGYZPWSVR,(8,2);
1512048353,ICAMXAUFBZSN,(9,7),(8,2);
1512048798,CTJJDGFGECUG,(3,6),(8,3),(8,5);
1512050278,KFBQREMKHPKT,(2,2),(3,9),(3,2);
1512051174,AZUWDTPLUGVJ,(2,3),(5,7),(5,8),(8,5);
1512052060,HVXXJXKIRUEE,(3,3),(3,4),(6,4),(3,2);
1512052249,RQMEXEIGTZRY,(2,9),(6,9);
1512052801,ZMIQKYCWAGHD,(9,8),(2,7);
1512053954,AWLWPMCLHKBU,(7,2),(7,2),(3,8),(2,2);
1512054210,JTXOETVNNMUW,(7,2),(6,8),(9,2);
1512055702,BNQGDVKQRJEH,(9,4);
1512055869,BEJUEFSBHPIO,(3,2),(5,4);
1512056219,HRSYXOTTDFTE,(9,4),(7,2),(4,2);
1512056376,LGWDJBQYWNRH,(4,8),(6,7),(3,2),(2,2);
1512056637,CVSWZRKDNEJE,(6,3),(5,7),(6,4);
1512057812,SVEOLBOTWAUI,(7,7),(4,2);
1512057896,NPMEODXNTGWH,(6,7),(6,5),(9,6);
1512058034,URXZVVUNCAXL,(6,3),(7,3),(4,2);
1512058784,NCQMZSEUDJVM,(3,2);
1512059813,PTIIBLVDPFMF,(5,3);
1512060772,VKNAVCLKVRHB,(8,7),(5,2),(5,2);
1512060794,BNIAZPXSKUZG,(6,9);
1512061131,IZRCRYBFCQKE,(2,4),(3,6),(5,9),(6,3);
1512061349,WXVCNVXFMZSP,(3,7),(2,4);
1512061396,APWFJLRLWNXC,(6,2),(9,2),(2,8);
1512062171,CBZOHHCAHEBI,(4,9);
1512063605,OXHOCUDKZZBP,(4,5);
1512064194,RZXMIWAZOKXC,(4,8),(5,9),(5,8);
1512064227,HXCXERSAVRML,(6,6),(4,3),(2,6),(3,9);
1512065454,OVKRDBFRLOPB,(3,9),(6,2);
1512066207,EBRLIJCQKIFG,(9,9),(7,5),(7,6);
1512066795,OEOEFPQTYUFQ,(7,4),(3,4),(9,5);
1512067708,UNGDDGMYWPRT,(6,9),(4,8);
1512068901,SBAZLYHFLUML,(5,2),(7,6),(6,3),(6,3);
1512069063,VKNAVCLKVRHB,(7,5),(2,5);
1512069115,NDJOVJOLJUGF,(2,2),(3,3),(7,5);
1512069695,VXQSVBLBAEHB,(8,2),(8,6);
1512070893,JXCILNSZDCXJ,(5,5),(5,5),(4,7);
1512070937,FGDBSYRKVDZE,(4,2),(7,8),(5,3),(6,6);
1512071479,WTJAQXENIHDH,(2,5),(3,8);
1512072493,AUEZLDWTAJLA,(3,8),(3,8);
1512072641,UKPZZIAJMKMW,(5,9),(3,6),(7,9);
1512073010,SLTLDQUKCWXP,(3,7),(5,4),(2,9);
1512073053,ETRBCWTANKLJ,(6,3),(3,4);
1512074407,QVGIMSPUQJQS,(8,2),(6,4);
1512074891,BPQMUJCIRRIO,(2,3);
1512075126,DMVBWBHLEJRO,(7,5);
1512076302,YGRRDWBRVDZZ,(2,2),(2,5);
1512077571,ROCDBCUPEPCP,(8,3),(5,2);
1512077741,WTJAQXENIHDH,(5,9);
1512078660,DUHZKXPOLYES,(9,4),(8,9),(9,6),(2,3);
1512080160,NQGPBWLXBLTE,(7,9),(9,9),(3,3);
1512081345,IXDMJRWJZTFU,(9,9),(9,6),(8,4);
1512081623,LWIKPBLHCOEK,(6,5);
1512082228,IKOBZFVWSBSD,(7,9);
1512083066,CXISABPSPHXM,(9,3),(2,7);
1512083781,JVXBSZMPWLFP,(5,6),(2,7),(4,3);
1512083810,OIIDYDLKADNT,(4,3),(8,9);
1512083815,BBPVDDLFEDFD,(6,9);
1512085073,VBINDSQYYFDY,(4,7),(6,5),(9,6);
1512085539,DKTEHSMMELAT,(9,6),(5,2);
1512085715,SFNRTGTPFHUJ,(4,9),(6,2),(9,4);
1512086962,PIHASWJWQGYT,(4,4),(3,7),(5,5),(6,5);
1512088172,MUKHQKQCWUPD,(2,7),(7,6),(3,3);
1512088638,FPIQAASYRHMC,(4,2),(2,3);
1512088715,UBMYRWBBJYFW,(5,6);
1512089160,VWUUVCKHDAOQ,(6,9),(3,2),(8,6);
1512090062,XRDSYNZLXRBK,(3,9);
1512091324,TAKPAILNPHHC,(5,6);
1512092629,AWJJOKTYAAVG,(9,2),(8,3),(2,9);
1512093250,HGFCSVKSUUYT,(2,2);
1512094276,FTEEOTDPWSNP,(5,5),(9,7);
1512094919,RZAYZZKQNVQY,(6,3),(4,4),(3,6),(5,4);
1512095098,XRMCPPQVKYRL,(8,5),(2,3),(4,5),(2,2);
1512095353,UBMYRWBBJYFW,(6,8),(5,6),(4,6),(8,2);
1512095717,CVSWZRKDNEJE,(2,2),(4,5),(4,3);
1512097000,IBSJZJMSOLOE,(7,9),(3,9);
1512098412,JVXBSZMPWLFP,(4,2);
1512099896,DKTEHSMMELAT,(7,9),(4,2);
1512100155,MULILGBCWKCK,(7,2),(4,9),(7,8),(2,3);
1512101263,NIPNLAYZWIIF,(3,8),(6,3),(2,5),(6,6);
1512102506,HPYRESCUHKYI,(2,9),(3,7),(5,4),(7,7);
1512103869,HPHINKQSWABK,(7,9),(9,2);
1512104375,EPSPHDLQLUAL,(8,4);
1512105722,AXVHJFLLNZGQ,(5,5),(7,6);
1512106756,QSGWQWVMMQSC,(3,9);
1512107782,UCYLWWCYLFKY,(2,7),(3,6);
1512108164,BPQMUJCIRRIO,(2,5),(7,5),(4,7);
1512108806,MNKUHFUFRGEL,(8,2),(8,7),(5,7),(8,5);
1512108823,CHZHIUOIWQWT,(3,3),(2,3),(8,6),(9,4);
1512109677,GMZLHULUHVEH,(2,7);
1512110579,SOUKJMVADKHL,(3,7),(5,7);
1512111752,COCRQGMDNTIP,(6,8),(4,5),(7,5);
1512112847,VKNAVCLKVRHB,(9,2),(8,6),(8,8),(6,7);
1512112891,CQIKDAMQITEH,(9,6),(8,9),(7,3),(5,3);
1512113192,TVHDUOPVHVJQ,(7,5);
1512113473,HPHINKQSWABK,(6,9),(3,6),(8,3),(8,7);
1512113769,EIMUYRWRUAQT,(3,3),(4,9),(7,2);
1512114451,RDNWMWBNCYDD,(5,3);
1512115253,YATLWCRNOYHV,(2,4),(8,7),(8,3);
1512116026,CQIKDAMQITEH,(2,9),(7,5);
1512117328,KOLJWAAYBQNL,(8,3),(9,3),(2,7);
1512118317,AOKHELIHCBLH,(5,9),(9,2),(4,3);
1512119802,SKVWRDAAJFBQ,(9,4),(8,9),(6,4),(6,7);
1512120356,ZSGSUXMWUGOT,(3,6);
1512121516,OJYZZIRMURKK,(6,6),(8,4),(5,6);
1512121569,IWMYBCJLFRDM,(5,5);
1512122809,QDESZDPHFMOY,(6,6),(5,9);
1512122910,OMAXXAPXUIHU,(5,4),(9,9),(2,9);
1512123394,SAXVXKHYJLHY,(2,2),(4,4),(8,4),(3,4);
1512124530,ZCJOVTITELXU,(6,7),(8,5),(3,2);
1512124789,VSMTPAQXBNXK,(9,6),(9,2);
1512125986,YBDLHMTLPEMB,(6,8),(5,8),(7,3);
1512126131,BJELYGGWGCRV,(2,8),(3,9);
1512126348,SPFDBPJIPYPF,(6,3),(8,9),(7,2);
1512126862,FRBCIKRPMZOV,(3,5);
1512126997,RKUNMYIUNUZT,(3,9);
1512128366,UESOUDHKBROP,(6,9),(4,8),(8,2),(4,5);
1512129035,CBZOHHCAHEBI,(4,5);
1512129690,ZOMFFVJFXFIC,(5,2);
1512130667,PGZDUGBMYZPI,(3,6),(7,8),(5,3),(2,3);
1512131844,LVSXTCTTMYLK,(3,8),(5,7),(8,3),(2,2);
1512132141,PATLVXXJIKQZ,(6,3),(4,4),(9,4);
1512132142,FPGRSMLEVMQG,(7,9),(6,7);
1512132405,CLIUNXSIPZUB,(4,6),(9,5),(2,4),(4,2);
1512132487,PEYSILIFAXES,(5,9);
1512132784,BLSYAKPQPXRH,(7,3),(7,5),(9,2),(5,7);
1512133817,NOBSCAOICYDY,(5,8);
1512133956,ZMIQKYCWAGHD,(5,2),(6,2),(8,7);
1512135358,ZWTELPPWNSSO,(2,2),(8,5);
1512135941,SFNRTGTPFHUJ,(9,3),(7,4);
1512136167,ZSGSUXMWUGOT,(9,9),(7,2);
1512136396,LILWXOWVFANP,(2,6);
1512136598,WKYALXPYSVVY,(9,3),(9,2);
1512137478,ROCDBCUPEPCP,(4,5);
1512138162,VHZPIUXJAHJX,(3,2);
1512138951,AMTXBBIKHZDN,(4,6),(6,3),(9,5),(2,8);
1512140188,PTZTPXGWNABG,(7,8),(7,2);
1512140527,CVSWZRKDNEJE,(7,6);
1512140599,ROCDBCUPEPCP,(8,2),(4,7),(9,4);
1512141329,PATLVXXJIKQZ,(5,6);
1512141869,VDKEONRQHIBB,(5,2),(7,7),(9,4),(4,4);
1512142923,RNXPTWGIVFSF,(3,2),(5,8),(3,9);
1512144213,QPTWTSFWOFCD,(9,7),(7,8),(4,5),(6,6);
1512145301,OUFMPPILRHMP,(5,4);
1512145706,YBDLHMTLPEMB,(8,2),(9,3);
1512145879,FPIQAASYRHMC,(7,4),(2,5),(6,3),(6,4);
1512147258,ZPILGQKFRBAZ,(4,7),(2,4),(9,3),(3,7);
1512147730,WDLIVTVFXZHK,(5,2),(8,9),(3,3),(5,3);
1512149088,VZZODXBKULPR,(4,2),(7,9);
1512149652,GSYYAPPLOGOS,(2,5),(4,8),(7,8);
1512150092,IFPFCDZHCFQP,(4,5),(8,6),(9,9);
1512151220,AOCAMALSLFHR,(3,5),(2,9),(3,6);
1512151236,OSBSINHWLMRT,(5,6),(2,4);
1512151901,CQHTPBSPIPPA,(9,2);
1512153243,VZZODXBKULPR,(2,6),(5,7);
1512153869,DQMVYPZOYYML,(4,5),(7,5),(3,9);
1512154191,QSWRNEISKFYG,(5,2),(8,8);
1512154659,NMHJWRZEVNQK,(7,7);
1512154801,SVMQPTKSNANF,(3,9),(7,9),(2,2),(9,8);
1512155743,NYSYLTMWGUNT,(5,8),(4,4),(7,7),(2,6);
1512156362,BLSYAKPQPXRH,(3,4),(9,3),(6,7);
1512156882,AJZCFPHTYTLP,(8,5),(7,8),(3,9),(3,7);
1512157611,EQQZOMLHZVXT,(7,6),(6,3),(2,7);
1512159106,SUZBLTHHEOZP,(5,6);
1512159376,XUMNNLXJSMFY,(6,2),(7,9);
1512160164,OZSABODLPEUC,(5,4),(9,4),(2,2);
1512161085,HDGSESHLKCOQ,(3,8),(3,2),(4,2),(5,6);
1512162350,FFZRDJENYQAV,(9,7);
1512163591,WDLIVTVFXZHK,(8,6),(8,3),(3,4),(9,5);
1512164200,NCQMZSEUDJVM,(6,9);
1512165099,CKZCDKTOQNQP,(7,6);
1512165431,UGAJNMJQZJOQ,(9,8);
1512166663,VBINDSQYYFDY,(6,4);
1512167764,KLTFRVLNSDMQ,(2,9),(6,4),(9,3);
1512169133,SYYJFQCOWTUP,(3,5);
1512169614,UNHQWZNIRNOT,(9,6),(2,6),(9,7),(3,4);
1512170009,HATIMEMXCLJU,(8,7);
1512171126,DMKNIOZCNCYX,(3,2);
1512172502,SRGQYWBXONUP,(4,5),(5,4);
1512173081,IPTLGMLLSRPI,(4,7),(8,9);
1512173488,OILIVRGOPIAD,(4,2);
1512174726,UXHBMONEBFII,(5,5),(4,4),(5,8);
1512175509,SPFDBPJIPYPF,(5,5),(7,4),(9,2),(6,6);
1512176763,QNMUGSNLRHUT,(2,6),(9,6),(4,6);
1512177179,UFKQUNQJMMMW,(2,7),(3,3),(8,4);
1512177304,MWDOSOSHXPNE,(2,9),(9,9),(2,5),(7,3);
1512177698,WKADHXDIHEGN,(9,4);
1512179015,CYXJVHPIIZNU,(5,3),(7,8),(3,3),(9,4);
1512179481,CTQHHLJTGWEO,(7,6);
1512179986,UESOUDHKBROP,(3,3);
1512180020,AUEZLDWTAJLA,(8,9),(4,9),(9,7),(4,3);
1512180927,FNDTRUBPVWIJ,(5,7),(7,3),(4,8);
1512181453,JHNQTQVRPDKP,(3,4),(7,2),(2,6);
1512182029,OMLFLUOKAVGJ,(4,8);
1512182194,BJELYGGWGCRV,(3,4),(7,8);
1512182662,WYJWEEFWEMLX,(2,9);
1512183190,XURZIVJTZBPZ,(6,3),(2,6),(7,3);
1512183512,SHPHKRKKZVYM,(5,3),(7,5);
1512184438,RPGUXWJNPSKN,(2,4),(8,8),(6,2);
1512185216,GPXRCIAAZOVS,(8,5),(9,5),(8,9);
1512186564,CVSWZRKDNEJE,(7,6);
1512188047,FROHJFQZHOOQ,(9,2);
1512189210,ZPILGQKFRBAZ,(7,8),(3,6),(9,6);
1512189412,UHAMRCSPDYAU,(8,3),(7,8),(8,7),(3,8);
1512190702,GLCDFDNLCAAS,(6,6),(6,9);
1512192168,YAPFJGUOUOGF,(3,3),(7,4),(8,2);
1512193586,RYYLHQONKOOQ,(6,7),(6,6),(4,4),(9,3);
1512193810,AGPRQXSABYBI,(9,5);
1512194008,OIIDYDLKADNT,(6,8),(8,4),(6,3);
1512195460,AZUWDTPLUGVJ,(7,6);
1512196720,HSOXJZMJHUMA,(2,2),(4,6),(4,4),(5,6);
1512198119,FTDPKTWMOCNF,(7,6),(8,2),(7,3),(2,7);
1512199032,ZCGKSAAKCEXR,(8,7),(8,5);
1512199468,EFINBNURIIQS,(3,2),(7,8),(5,9);
1512199977,FIMLHTAAZPBU,(9,4),(7,7),(4,6),(7,5);
1512201396,CMUXTLRGZTWW,(3,5),(6,7),(4,6),(5,2);
1512202446,RYYLHQONKOOQ,(4,5);
1512203731,BMWPOJOFVMPS,(7,6);
1512205058,GMZLHULUHVEH,(4,6),(3,8),(4,8),(4,9);
1512205765,PGZDUGBMYZPI,(9,5);
1512206480,GCURKYSARTBR,(5,4),(3,6);
1512207401,GFKSMZMCJZWM,(3,5),(4,3);
1512207533,HEELVQWDCFXN,(2,2);
1512208643,MQPDAQPVYNJD,(7,8);
1512209203,GXDCHRMESWPO,(6,3),(8,8),(4,6),(4,6);
1512210476,SLTLDQUKCWXP,(7,4),(8,6);
1512211601,RWEZTXETNDSB,(6,7),(4,3),(8,5);
1512212248,FRPYHEARLCFT,(4,8),(4,8),(9,4);
1512212566,PINRNODCOFNG,(8,7);
1512212612,ULCMWPCXJSPE,(6,9),(9,6),(9,6),(7,8);
1512213594,AJKMVKLTISNU,(9,5),(9,3),(9,7),(4,8);
1512214937,QBLCPAMEUQEL,(2,9),(8,6);
1512216437,ERQZNPEGAOTR,(5,9),(9,6);
1512217907,CVSWZRKDNEJE,(6,4),(5,4);
1512219071,WAZVDQNQRZVO,(2,3),(5,4),(5,2),(2,8);
1512220116,HATIMEMXCLJU,(8,4),(6,5),(2,7),(7,6);
1512221110,AWLWPMCLHKBU,(5,2),(9,7);
1512222057,OCAZEACWLNVK,(8,3),(5,7);
1512222550,CTQHHLJTGWEO,(6,4),(4,3);
1512223726,QTVAPYBGUPDI,(9,4);
1512224017,SVMQPTKSNANF,(9,3),(6,8);
1512224697,WLYHPPNXJLZL,(5,3),(5,8),(2,2),(4,9);
1512225375,HXCXERSAVRML,(8,9),(7,6),(6,5),(9,8);
1512226704,ZPMACFOQKHJS,(8,8),(5,9),(9,4);
1512227319,PGZDUGBMYZPI,(5,9),(4,2);
1512228193,VJAIETUJREPX,(7,7),(3,4),(5,9);
1512229503,EGHPHOGKENRP,(7,9),(7,3);
1512229842,PYASOWKPPFMO,(3,9);
1512230060,DKKJUQKTFXDW,(6,3),(9,7);
1512230940,SDMMBTBUIUID,(4,8),(2,6),(8,3);
1512232247,TPXOMXCAUXGU,(6,4),(4,9),(9,4);
1512232552,KCJXVWCRIMET,(6,7),(5,4),(4,9),(6,2);
1512233103,EMFYHNHAOJDQ,(4,3),(3,6),(2,7),(6,2);
1512233667,YGRRDWBRVDZZ,(5,9);
1512234027,VWDGOCODWGKG,(2,9),(4,5);
1512235232,MRTQSSEHURNB,(6,5),(6,6),(5,8);
1512235510,MJZEFBHPZGUF,(8,8);
1512236168,KVBIGWOUMFOJ,(3,5),(7,6),(4,4),(8,5);
1512237123,VXQSVBLBAEHB,(7,7),(3,2),(2,7);
1512238319,FGDBSYRKVDZE,(2,3),(4,3);
1512239182,IXDMJRWJZTFU,(3,4),(3,6),(2,7),(3,8);
1512240028,FNOQTVQOYNSL,(3,2),(7,4),(3,4),(9,4);
1512241264,CQHTPBSPIPPA,(5,2);
1512242038,LQDYNMAOBCCH,(8,6),(6,8),(8,5),(3,8);
1512243215,BJELYGGWGCRV,(7,6),(9,6),(9,4),(7,4);
1512243804,OMLFLUOKAVGJ,(7,9);
1512244318,MRTQSSEHURNB,(6,6);
1512244726,LPDJAEJFTDNE,(8,4),(6,8),(2,7);
1512245873,VXVDMAAIYXMX,(4,9),(6,5),(6,7);
1512246314,ZDTJCXRYXWZA,(2,2),(2,4);
1512247190,XHEFBDFPWDXM,(8,9),(6,3),(5,8);
1512247961,UCLWKEXXSRZL,(9,6),(9,8),(5,5),(8,2);
1512248385,YBDLHMTLPEMB,(3,6);
1512249416,TYATCPDELIGW,(2,9),(6,8);
1512250075,KLHJQTMXGUBN,(6,3),(2,6);
1512251229,MXLWTTHZMFAM,(7,9),(2,3);
1512252400,NMQGGBJKIUBT,(4,8),(5,3);
1512252464,UNPSXRBWKXPR,(6,4);
1512253643,IQCRTQZADMFM,(2,9),(4,2),(8,7),(4,2);
1512254387,ZQPHYUYIXUIK,(4,8),(7,2),(3,8),(6,2);
1512255218,IDDEOYOGZUCX,(3,6),(7,8),(9,4);
1512255979,LARVLRCCUKKU,(9,3),(7,2),(9,9);
1512256830,IIFYDMVHEBSP,(3,7),(7,7);
1512258071,BFGSBTTVAQWE,(7,4),(5,4),(9,8);
1512259421,BNIAZPXSKUZG,(8,3);
1512259617,FAQUCALXSTTK,(6,3),(8,9),(2,2),(2,3);
1512260203,SMTWKDPPYYIB,(3,8),(5,8);
1512260912,VATYFDJVTYXJ,(7,7),(7,4),(5,7),(3,8);
1512261368,HSJKEIVPJFUY,(7,3),(6,4),(3,6);
1512262599,DMVBWBHLEJRO,(8,7);
1512263582,XCVLOAGSJLUH,(6,4),(7,6);
1512264547,LGVYGZVKOIKG,(6,6),(9,3),(6,2);
1512265416,HSJKEIVPJFUY,(4,7),(4,5);
1512265881,XGPAWWVCAYVD,(9,5),(8,5);
1512267315,RQMEXEIGTZRY,(2,2),(6,6),(9,4);
1512268672,ZCGKSAAKCEXR,(4,6),(5,5),(3,3),(3,8);
1512269683,WAFBOZEAITIY,(6,9),(3,3),(6,3);
1512270151,TUFSBQFQNMWP,(4,2),(5,3);
1512271277,ICXEGPBJHPCF,(2,9),(3,6),(5,4);
1512271538,OZRXLMUZRGSE,(7,5);
1512272725,CKPEGTADRAUQ,(6,6),(3,3),(4,3);
1512273165,MXYRQZWPDIXR,(2,3);
1512273854,OVKRDBFRLOPB,(9,2),(8,7),(2,6),(6,4);
1512274256,PKBKXQDQEOQT,(2,5),(5,4),(9,5);
1512275437,HNCDGQAPQIYF,(8,9);
1512276442,NRQCRMRYFMKK,(2,3),(4,5),(5,9),(7,2);
1512276744,ZWTELPPWNSSO,(7,7),(8,4),(3,5);
1512277589,DEWUTUCWUPZB,(9,8),(9,7);
1512278900,YATLWCRNOYHV,(9,9),(5,5);
1512279221,AOLVYHDSLPEW,(8,4),(7,7),(6,9);
1512279634,HADWRECXMQHO,(8,4),(6,7),(3,6),(6,3);
1512280697,ZZQGSBKYXFIU,(2,2),(3,5);
1512280837,XGPAWWVCAYVD,(6,2),(2,7);
1512282332,NSVDLQJAUZQQ,(4,5),(9,3),(6,3),(4,9);
1512283695,IZRCRYBFCQKE,(5,9),(4,9),(8,7),(8,4);
1512285009,QSONLQPCGVYC,(6,8);
1512286380,KLHJQTMXGUBN,(3,3),(8,9),(3,3),(4,7);
1512286943,CHZHIUOIWQWT,(2,3),(7,2),(2,3);
1512287526,BLSYAKPQPXRH,(8,4);
1512287917,QNMUGSNLRHUT,(7,5),(9,7),(9,6);
1512288986,YBTKWWXJAZLV,(7,9),(5,3),(7,3),(2,8);
1512289530,HSOXJZMJHUMA,(2,6),(3,3);
1512290908,QNMUGSNLRHUT,(7,8),(9,3),(4,4),(8,4);
1512291886,ULYBRSVASNTV,(7,4);
1512293284,LGWDJBQYWNRH,(2,8),(9,3),(9,2),(4,7);
1512294694,TTCWIGGVSQKH,(7,6),(4,9);
1512294756,RNXPTWGIVFSF,(7,8),(2,9),(9,2);
1512295536,GUNURAFNXZKC,(2,2);
1512296380,TCIIZEOZCXDE,(2,7);
1512297032,UXHBMONEBFII,(9,3);
1512297093,FTEEOTDPWSNP,(9,8),(9,5);
1512298380,RFNIIKZCAPTG,(3,6);
1512298788,VZZODXBKULPR,(6,9),(3,4),(7,5),(7,3);
1512300238,FNOQTVQOYNSL,(2,4),(6,6),(6,5),(9,7);
1512301106,VATYFDJVTYXJ,(9,4),(6,7),(8,8);
1512301991,QNMUGSNLRHUT,(2,2),(6,8);
1512302424,JPCUBGSXJZHN,(2,2),(9,3);
1512303391,VSSHMKTIZFZH,(6,8),(5,2);
1512304754,LUAIJCQNLUIJ,(7,3);
1512304836,HVXXJXKIRUEE,(8,5),(2,9),(2,4);
1512305076,CQPABMFECDPX,(8,5);
1512306320,UAGTANWWQSPV,(4,3);
1512307039,NYATYBSJUJQC,(9,3),(7,3),(4,5);
1512307868,EPWZWFMDWTYT,(9,7),(7,5),(2,2);
1512308023,TBUMUSNWPECR,(4,9),(6,9),(8,8),(7,5);
1512308218,CLWIBEZIKQLW,(5,6),(5,3);
1512308261,RQMEXEIGTZRY,(8,7),(2,2),(7,3),(7,5);
1512308488,GSYYAPPLOGOS,(8,5),(5,3);
1512309916,PTZTPXGWNABG,(6,5);
1512311238,EJNOZFYBXBWW,(4,6);
1512312181,UBMYRWBBJYFW,(7,6),(2,7);
1512312749,MUKHQKQCWUPD,(7,3);
1512313758,CVSWZRKDNEJE,(6,3);
1512315056,EPSPHDLQLUAL,(7,9);
1512316348,HTPVRTJLMGJB,(9,8);
1512317237,CHZHIUOIWQWT,(5,3),(3,2),(2,5),(2,3);
1512317991,OZSABODLPEUC,(9,7),(6,7),(3,3),(3,8);
1512319156,UCLWKEXXSRZL,(7,7),(3,9);
1512320271,PFEKHXOLJDUK,(5,9);
1512321416,LAPHBZQTGDAR,(9,3),(6,8),(6,4);
1512321615,EBRLIJCQKIFG,(8,9);
1512322225,RZXMIWAZOKXC,(8,6),(9,7);
1512323016,HZDRQPMXPKEK,(8,9),(6,3);
1512323661,YRJZSRNLXFND,(2,7),(6,9),(8,5),(6,4);
1512324646,FBYJFFMBTXOE,(5,9),(3,4);
1512324969,YBTKWWXJAZLV,(5,9);
1512326314,JXCILNSZDCXJ,(2,2),(3,4),(4,5);
1512326328,OEKXRXJGILRX,(8,8),(2,4);
1512326684,AZUWDTPLUGVJ,(6,9),(5,6),(6,7);
1512327973,BNIAZPXSKUZG,(2,9),(6,7),(7,8),(8,9);
1512328930,IVMTKIKSHWWY,(8,4),(9,8),(4,9);
1512329945,PHPIOVRARXBM,(5,3),(8,5);
1512330137,URXZVVUNCAXL,(2,3),(8,6);
1512331268,EBRLIJCQKIFG,(2,8),(7,7);
1512331597,HNCDGQAPQIYF,(7,8),(9,6),(2,6);
1512331654,BNQGDVKQRJEH,(8,2),(6,2),(4,4);
1512332377,HGFCSVKSUUYT,(6,9),(3,6);
1512333792,SVMQPTKSNANF,(9,6),(7,2),(7,7),(9,3);
1512335098,BUCIDQOKWWNZ,(5,5);
1512336208,FRBCIKRPMZOV,(7,9),(3,7),(7,8);
1512336566,LGVYGZVKOIKG,(5,7),(7,2);
1512337211,KEFFFLDBSAHC,(4,8),(2,6),(5,2);
1512338156,HKQSQIJXIGNI,(4,7),(8,8),(8,6);
1512339549,EVANTPZWVMZT,(9,8),(5,2);
1512340635,YLGJTMUOYVRH,(9,2),(8,4),(4,5);
1512341385,EIRZPIFFDOXZ,(9,4),(6,8),(9,5),(2,6);
1512342068,QTVAPYBGUPDI,(7,5),(3,5),(6,5),(9,6);
1512343549,QPTAIUBJRDYT,(9,6),(9,7),(3,5);
1512344611,QPTWTSFWOFCD,(5,6),(7,2),(6,4);
1512345434,SLVMXSYJZZDY,(7,2),(8,2),(7,5);
1512345664,BJREBRQLHQAO,(8,5);
1512345908,AQIEUSXQZWTY,(9,5);
1512346872,EFINBNURIIQS,(6,4),(6,9),(2,7),(9,9);
1512347630,UMQONAMJHSEZ,(3,9),(2,9),(2,2),(7,8);
1512348759,FMWVAPFVMIXU,(5,7),(6,9),(4,8),(5,5);
1512348964,CTJJDGFGECUG,(7,5);
1512350443,TYATCPDELIGW,(9,3),(3,9),(3,9),(8,7);
1512351250,FIANFWTUHQLZ,(6,7),(6,6),(8,8);
1512352341,FTEEOTDPWSNP,(3,5),(4,5),(8,2);
1512353316,URXZVVUNCAXL,(3,9);
1512354026,HNCDGQAPQIYF,(7,9),(3,9),(8,3);
1512355172,AIPVIIYJBYPI,(8,4);
1512356277,QYAYAMBQAOOZ,(8,7),(9,6);
1512357095,EVANTPZWVMZT,(4,8),(9,5);
1512357139,DUPGFFWPTVGF,(3,2),(8,6),(4,2),(7,3);
1512357308,IZIWDTYHZGQT,(8,5),(6,3),(9,3),(2,2);
1512357786,UGYWCTSUQYIR,(6,4),(5,5);
1512358772,AZUWDTPLUGVJ,(4,4),(9,6),(8,8);
1512359108,BLKCQPUOKOFY,(7,8);
1512359334,AOCAMALSLFHR,(7,6);
1512360378,ATDDGYKBSARC,(8,9),(4,6);
1512360784,EDQZNSYYZNVR,(9,3),(6,8),(9,2),(2,3);
1512360892,PBPUPJDECSFP,(8,7),(9,5),(5,8),(6,5);
1512361052,FGECUBRWJGLT,(8,3),(9,6),(6,5);
1512361581,RZXMIWAZOKXC,(9,4),(9,6),(2,3);
1512362349,UHAMRCSPDYAU,(9,8);
1512363832,VJAIETUJREPX,(4,2);
1512365092,YGZZBSJMJCEX,(8,8),(3,6),(7,2);
1512365589,RKUNMYIUNUZT,(5,5),(4,3);
